fixIdx,legIdx,tickLead,togo,area
0,7,8598.085881074114,0.0,3.2019707099217728e7
