fixIdx,legIdx,tickLead,togo,area
0,7,7860.13829118756,0.0,2.920827138266886e7
