fixIdx,legIdx,tickLead,togo,area
0,7,6858.107689574846,0.0,2.5530733705030903e7
