fixIdx,legIdx,tickLead,togo,area
0,7,9600.102535691094,0.0,3.5686853800118215e7
