fixIdx,legIdx,tickLead,togo,area
10685,2,4163.418876528008,81.952,10919.481955851183
10686,2,4164.418876528008,81.936,10919.972493376703
10687,2,4165.418876528008,81.92,10920.46200692162
10688,2,4166.418876528008,81.903,11603.43907335782
10689,2,4167.418876528008,81.885,12286.317653078315
10690,2,4168.418876528008,81.867,12286.564701646324
10691,2,4169.418876528008,81.85,11604.280753552017
10692,2,4170.418876528008,81.832,12287.205045861898
10693,2,4171.418876528008,81.813,12970.004998933115
10694,2,4172.418876528008,81.797,10922.391238223605
10695,2,4173.418876528008,81.781,10922.872207749122
10696,2,4174.418876528008,81.766,10240.70525999328
10697,2,4175.418876528008,81.751,10241.279526498842
10698,2,4176.418876528008,81.738,8876.381094164508
10699,2,4177.418876528008,81.722,10925.45423291994
10700,2,4178.418876528008,81.706,10925.930242445453
10701,2,4179.418876528008,81.69,10926.405227990375
10702,2,4180.418876528008,81.673,11609.738071743368
10703,2,4181.418876528008,81.656,11610.098382632736
10704,2,4182.418876528008,81.639,11610.457537531807
10705,2,4183.418876528008,81.622,11610.815536411468
10706,2,4184.418876528008,81.604,12294.107199723356
10707,2,4185.418876528008,81.587,11611.3857619484
10708,2,4186.418876528008,81.57,11611.740258847474
10709,2,4187.418876528008,81.553,11612.093599727134
10710,2,4188.418876528008,81.534,12978.456717004161
10711,2,4189.418876528008,81.516,12295.525460722516
10712,2,4190.418876528008,81.498,12295.744969290527
10713,2,4191.418876528008,81.48,12295.963181858537
10714,2,4192.418876528008,81.463,11613.130252974666
10715,2,4193.418876528008,81.447,10930.397906796787
10716,2,4194.418876528008,81.433,9564.617252521473
10717,2,4195.418876528008,81.422,7515.694352513414
10718,2,4196.418876528008,81.415,4783.325824174046
10719,2,4197.418876528008,81.408,4784.054336133858
