fixIdx,legIdx,tickLead,togo,area
0,7,9331.589619766572,0.0,3.476384141050158e7
