fixIdx,legIdx,tickLead,togo,area
0,7,10333.64038912082,0.0,3.840610393172749e7
