fixIdx,legIdx,tickLead,togo,area
0,7,9654.17168901342,0.0,3.588196136806717e7
