fixIdx,legIdx,tickLead,togo,area
0,7,8652.279426865518,0.0,3.2219414620494198e7
