fixIdx,legIdx,tickLead,togo,area
0,7,9817.828791452112,0.0,3.648663965566091e7
