fixIdx,legIdx,tickLead,togo,area
0,7,8815.9864795182,0.0,3.28333319766049e7
