fixIdx,legIdx,tickLead,togo,area
0,7,9740.552017070577,0.0,3.620776464846154e7
