fixIdx,legIdx,tickLead,togo,area
0,7,8738.678602286185,0.0,3.2542214963533264e7
