fixIdx,legIdx,tickLead,togo,area
0,7,13210.327453182937,0.0,4.9097625815703705e7
