fixIdx,legIdx,tickLead,togo,area
0,7,12208.663634989793,0.0,4.547015175236643e7
