fixIdx,legIdx,tickLead,togo,area
0,7,9477.034209065385,0.0,3.524670345166241e7
