fixIdx,legIdx,tickLead,togo,area
0,7,8475.038791250932,0.0,3.158216446716224e7
