fixIdx,legIdx,tickLead,togo,area
0,7,9354.236094391727,0.0,3.484478284851074e7
