fixIdx,legIdx,tickLead,togo,area
0,7,8573.368723083602,0.0,3.1995710051460203e7
