fixIdx,legIdx,tickLead,togo,area
0,7,9575.304948232437,0.0,3.566008905257484e7
