fixIdx,legIdx,tickLead,togo,area
0,7,9117.656814563412,0.0,3.3957954070911944e7
