fixIdx,legIdx,tickLead,togo,area
0,7,10119.562624914837,0.0,3.762156606518279e7
