fixIdx,legIdx,tickLead,togo,area
0,7,11136.906709497987,0.0,4.1468967532407604e7
