fixIdx,legIdx,tickLead,togo,area
0,7,12138.62040560715,0.0,4.511746956406693e7
