fixIdx,legIdx,tickLead,togo,area
0,7,8290.255157247595,0.0,3.3489475265718248e7
