fixIdx,legIdx,tickLead,togo,area
0,7,8288.503533614572,0.0,3.3291969056488726e7
