fixIdx,legIdx,tickLead,togo,area
0,7,10396.09768415761,0.0,4.172975662597823e7
