fixIdx,legIdx,tickLead,togo,area
0,7,10398.076062544866,0.0,4.1971231863479495e7
