fixIdx,legIdx,tickLead,togo,area
0,7,9032.57647703007,0.0,3.6469802195897885e7
