fixIdx,legIdx,tickLead,togo,area
0,7,9030.773343449102,0.0,3.625280129666634e7
