fixIdx,legIdx,tickLead,togo,area
0,7,9363.910336487115,0.0,3.780759106997283e7
