fixIdx,legIdx,tickLead,togo,area
0,7,9362.157798732494,0.0,3.760445615705044e7
