fixIdx,legIdx,tickLead,togo,area
0,7,10864.437120567152,0.0,4.385643231134329e7
