fixIdx,legIdx,tickLead,togo,area
0,7,8321.315704006067,0.0,3.341321709967558e7
