fixIdx,legIdx,tickLead,togo,area
0,7,10862.663065106677,0.0,4.3599789194249086e7
