fixIdx,legIdx,tickLead,togo,area
0,7,8323.080409649756,0.0,3.359457450342938e7
