fixIdx,legIdx,tickLead,togo,area
0,7,10056.497515515593,0.0,4.059119201069426e7
