fixIdx,legIdx,tickLead,togo,area
0,7,10054.640803204804,0.0,4.035788056715444e7
