fixIdx,legIdx,tickLead,togo,area
0,7,8184.935000614573,0.0,3.3047377037746735e7
