fixIdx,legIdx,tickLead,togo,area
0,7,8183.210365556835,0.0,3.286800662472234e7
