fixIdx,legIdx,tickLead,togo,area
0,7,13325.562135644317,0.0,5.350884038240451e7
