fixIdx,legIdx,tickLead,togo,area
0,7,13327.495164237487,0.0,5.380243652111424e7
