fixIdx,legIdx,tickLead,togo,area
0,7,10763.661952629947,0.0,4.3211972948754914e7
