fixIdx,legIdx,tickLead,togo,area
0,7,10765.410003146917,0.0,4.34690024381205e7
