fixIdx,legIdx,tickLead,togo,area
0,5,10106.75578480392,0.0,2.22394540336933e7
