fixIdx,legIdx,tickLead,togo,area
0,5,9645.54103525224,0.0,2.126078451120143e7
