fixIdx,legIdx,tickLead,togo,area
0,5,10109.059212588532,0.0,2.2286272307918657e7
