fixIdx,legIdx,tickLead,togo,area
0,5,9643.265581828811,0.0,2.1229518029984217e7
