fixIdx,legIdx,tickLead,togo,area
0,5,9680.7712827829,0.0,2.13438937047031e7
