fixIdx,legIdx,tickLead,togo,area
0,5,9678.563815608575,0.0,2.12945131985945e7
