fixIdx,legIdx,tickLead,togo,area
0,5,9715.855530040795,0.0,2.136289164417887e7
