fixIdx,legIdx,tickLead,togo,area
0,5,9718.087486985163,0.0,2.140883104971487e7
